ISIN,Modified Duration,Maturity Date,Issuer Name,Bond Liquidity Score,Yield to Maturity,COUPN_RATE,Yield to Worst,Is Callable,Call Date,Yield to Call,Issue Date,Amount Outstanding
US105756BZ27,1.638,13/01/2028,"BRAZIL, FEDERATIVE REPUBLIC OF (GOVERNMENT)",6,4.295907,4.625,4.254485,Y,13/10/2027,4.254485,13/10/2017,3000000000
US105756CA66,3.0961,30/05/2029,"BRAZIL, FEDERATIVE REPUBLIC OF (GOVERNMENT)",6,4.619517,4.5,4.619517,Y,28/02/2029,4.630505,28/03/2019,1500000000
US105756CC23,3.9898,12/06/2030,"BRAZIL, FEDERATIVE REPUBLIC OF (GOVERNMENT)",6,4.957444,3.875,4.957444,N,,,10/06/2020,2250000000
US105756CM05,4.1646,6/11/2030,"BRAZIL, FEDERATIVE REPUBLIC OF (GOVERNMENT)",7,5.142536,5.5,5.142536,N,,,11/06/2025,1500000000
US105756CG37,4.3373,18/03/2031,"BRAZIL, FEDERATIVE REPUBLIC OF (GOVERNMENT)",6,5.299433,6.25,5.299433,N,,,20/11/2023,2000000000
US105756CE88,4.9442,12/09/2031,"BRAZIL, FEDERATIVE REPUBLIC OF (GOVERNMENT)",5,5.271346,3.75,5.271346,N,,,7/07/2021,1500000000
US105756CK49,4.8817,22/01/2032,"BRAZIL, FEDERATIVE REPUBLIC OF (GOVERNMENT)",6,5.532488,6.125,5.532488,N,,,27/06/2024,2000000000
US105756CF53,6.0829,20/10/2033,"BRAZIL, FEDERATIVE REPUBLIC OF (GOVERNMENT)",6,5.855703,6,5.855703,N,,,13/04/2023,2250000000
US105756CH10,6.2589,15/03/2034,"BRAZIL, FEDERATIVE REPUBLIC OF (GOVERNMENT)",6,5.985697,6.125,5.985697,N,,,29/01/2024,2250000000
US105756CL22,6.7121,15/03/2035,"BRAZIL, FEDERATIVE REPUBLIC OF (GOVERNMENT)",6,6.242457,6.625,6.242457,N,,,25/02/2025,2500000000
US105756BR01,9.8089,7/01/2041,"BRAZIL, FEDERATIVE REPUBLIC OF (GOVERNMENT)",5,6.356091,5.625,6.356091,N,,,7/10/2009,1275000000
US105756BW95,10.9441,27/01/2045,"BRAZIL, FEDERATIVE REPUBLIC OF (GOVERNMENT)",5,6.903044,5,6.903044,N,,,1/08/2014,3550000000
US105756BY51,11.1395,21/02/2047,"BRAZIL, FEDERATIVE REPUBLIC OF (GOVERNMENT)",5,7.007289,5.625,7.007289,N,,,28/07/2016,1500000000
US105756CB40,12.0328,14/01/2050,"BRAZIL, FEDERATIVE REPUBLIC OF (GOVERNMENT)",5,7.111181,4.75,7.111181,Y,14/07/2049,7.135654,14/11/2019,2500000000
US105756CJ75,11.8849,13/05/2054,"BRAZIL, FEDERATIVE REPUBLIC OF (GOVERNMENT)",6,7.227717,7.125,7.227717,N,,,29/01/2024,2250000000
US168863DX33,1.0197,31/01/2027,"CHILE, REPUBLIC OF (GOVERNMENT)",7,4.080692,2.75,4.080692,Y,31/12/2026,4.207926,31/01/2022,1500000000
US168863CF36,1.9558,6/02/2028,"CHILE, REPUBLIC OF (GOVERNMENT)",7,4.108884,3.24,4.108884,Y,6/11/2027,4.233414,6/02/2018,2000000000
US168863EB04,2.6734,22/01/2029,"CHILE, REPUBLIC OF (GOVERNMENT)",7,4.150576,4.85,4.133308,Y,22/12/2028,4.139536,22/01/2024,1700000000
US168863DP09,4.6214,31/01/2031,"CHILE, REPUBLIC OF (GOVERNMENT)",7,4.318748,2.45,4.318748,Y,31/10/2030,4.420677,12/05/2020,1458000000
US168863DN50,5.422,27/01/2032,"CHILE, REPUBLIC OF (GOVERNMENT)",7,4.54961,2.55,4.54961,Y,27/10/2031,4.635284,27/01/2020,750000000
US168863DT21,6.6111,27/07/2033,"CHILE, REPUBLIC OF (GOVERNMENT)",7,4.706792,2.55,4.706792,Y,27/04/2033,4.778929,27/07/2021,2250000000
US168863DV76,6.7674,31/01/2034,"CHILE, REPUBLIC OF (GOVERNMENT)",7,4.756641,3.5,4.756641,Y,31/10/2033,4.797547,31/01/2022,1500000000
US168863DZ80,7.6585,5/01/2036,"CHILE, REPUBLIC OF (GOVERNMENT)",7,4.884793,4.95,4.884099,Y,5/10/2035,4.886146,5/07/2023,1649852623
US168863EE43,7.8787,13/01/2037,"CHILE, REPUBLIC OF (GOVERNMENT)",8,5.006102,5.65,4.995915,Y,13/10/2036,4.997942,13/01/2025,1600000000
US168863DS48,11.4068,7/05/2041,"CHILE, REPUBLIC OF (GOVERNMENT)",6,5.366382,3.1,5.366382,Y,7/11/2040,5.426969,7/05/2021,1700000000
US168863DY16,10.9947,7/03/2042,"CHILE, REPUBLIC OF (GOVERNMENT)",7,5.396628,4.34,5.396628,Y,7/09/2041,5.421443,7/03/2022,2000000000
US168863BP27,11.7786,30/10/2042,"CHILE, REPUBLIC OF (GOVERNMENT)",7,5.30566,3.625,5.30566,N,,,30/10/2012,750000000
US168863CE60,13.469,21/06/2047,"CHILE, REPUBLIC OF (GOVERNMENT)",7,5.489159,3.86,5.489159,N,,,21/06/2017,1541831000
US168863DL94,14.2799,25/01/2050,"CHILE, REPUBLIC OF (GOVERNMENT)",6,5.511184,3.5,5.511184,Y,25/07/2049,5.538703,25/06/2019,1418357000
US168863DW59,14.3756,31/01/2052,"CHILE, REPUBLIC OF (GOVERNMENT)",6,5.561863,4,5.561863,Y,31/07/2051,5.580223,31/01/2022,1000000000
XS2327851874,15.2429,15/04/2053,"CHILE, REPUBLIC OF (GOVERNMENT)",6,5.568236,3.5,5.568236,Y,15/10/2052,5.591506,15/04/2021,1500000000
US168863EA21,14.1695,5/01/2054,"CHILE, REPUBLIC OF (GOVERNMENT)",7,5.592084,5.33,5.592084,Y,5/07/2053,5.596142,5/07/2023,1481658578
US168863DQ81,16.8615,22/01/2061,"CHILE, REPUBLIC OF (GOVERNMENT)",6,5.591917,3.1,5.591917,Y,22/07/2060,5.610889,22/01/2021,1500000000
US195325DL65,1.2376,25/04/2027,"COLOMBIA, REPUBLIC OF (GOVERNMENT)",6,4.499705,3.875,4.499705,Y,25/01/2027,4.65118,25/01/2017,1000000000
US195325DP79,2.8829,15/03/2029,"COLOMBIA, REPUBLIC OF (GOVERNMENT)",6,5.192671,4.5,5.192671,Y,15/12/2028,5.256842,12/10/2018,1500000000
US195325DR36,3.676,30/01/2030,"COLOMBIA, REPUBLIC OF (GOVERNMENT)",6,5.800363,3,5.800363,Y,30/10/2029,5.975975,30/01/2020,1542968000
US195325ER27,3.5574,25/04/2030,"COLOMBIA, REPUBLIC OF (GOVERNMENT)",7,5.864015,7.375,5.840014,Y,25/03/2030,5.846782,25/04/2025,1900000000
US195325DS19,4.681,15/04/2031,"COLOMBIA, REPUBLIC OF (GOVERNMENT)",6,6.119694,3.125,6.119694,Y,15/01/2031,6.26562,4/06/2020,1000000000
US195325DZ51,5.4597,22/04/2032,"COLOMBIA, REPUBLIC OF (GOVERNMENT)",6,6.26368,3.25,6.26368,Y,22/01/2032,6.382089,22/04/2021,2000000000
US195325EF88,5.3133,20/04/2033,"COLOMBIA, REPUBLIC OF (GOVERNMENT)",7,6.645967,8,6.611773,Y,20/01/2033,6.613822,7/12/2022,1624241000
US195325EG61,5.7177,2/02/2034,"COLOMBIA, REPUBLIC OF (GOVERNMENT)",7,6.775967,7.5,6.760411,Y,2/11/2033,6.762468,2/02/2023,2200000000
US195325ES00,6.3021,25/04/2035,"COLOMBIA, REPUBLIC OF (GOVERNMENT)",7,6.962812,8.5,6.935608,Y,25/01/2035,6.938233,25/04/2025,1900000000
US195325EL56,6.6618,14/11/2035,"COLOMBIA, REPUBLIC OF (GOVERNMENT)",7,7.047386,8,7.03199,Y,14/08/2035,7.031225,14/11/2023,1250000000
US195325EP60,7.1423,7/11/2036,"COLOMBIA, REPUBLIC OF (GOVERNMENT)",7,7.078701,7.75,7.069443,Y,7/08/2036,7.069443,7/11/2024,2000000000
US195325BK01,7.6227,18/09/2037,"COLOMBIA, REPUBLIC OF (GOVERNMENT)",6,7.109115,7.375,7.109115,N,,,19/09/2006,1000000000
US195325BM66,9.0504,18/01/2041,"COLOMBIA, REPUBLIC OF (GOVERNMENT)",6,7.372664,6.125,7.372664,N,,,20/10/2009,1000000000
US195325EA91,10.2941,22/02/2042,"COLOMBIA, REPUBLIC OF (GOVERNMENT)",5,7.444453,4.125,7.444453,Y,22/08/2041,7.517737,22/04/2021,1000000000
US195325BR53,10.1403,26/02/2044,"COLOMBIA, REPUBLIC OF (GOVERNMENT)",6,7.567719,5.625,7.567719,Y,26/08/2043,7.598068,28/01/2014,2000000000
US195325CU73,10.9376,15/06/2045,"COLOMBIA, REPUBLIC OF (GOVERNMENT)",5,7.619386,5,7.619386,Y,15/12/2044,7.657593,28/01/2015,1500000000
US195325DQ52,11.5989,15/05/2049,"COLOMBIA, REPUBLIC OF (GOVERNMENT)",5,7.593924,5.2,7.593924,Y,15/11/2048,7.618166,28/01/2019,1500000000
US195325DT91,12.6716,15/05/2051,"COLOMBIA, REPUBLIC OF (GOVERNMENT)",5,7.431619,4.125,7.431619,Y,15/11/2050,7.464283,4/06/2020,1500000000
US195325EM30,10.8645,14/11/2053,"COLOMBIA, REPUBLIC OF (GOVERNMENT)",7,7.8379,8.75,7.83348,Y,14/05/2053,7.83348,14/11/2023,1250000000
US195325EQ44,11.0549,7/11/2054,"COLOMBIA, REPUBLIC OF (GOVERNMENT)",7,7.792999,8.375,7.790316,Y,7/05/2054,7.790316,7/11/2024,1640000000
US91087BAC46,1.1652,28/03/2027,MEXICO (UNITED MEXICAN STATES) (GOVERNMENT),6,4.157261,4.15,4.157261,N,,,28/03/2017,3150415000
US91087BAE02,1.8756,11/01/2028,MEXICO (UNITED MEXICAN STATES) (GOVERNMENT),6,4.199718,3.75,4.199718,N,,,11/01/2018,2555196000
US91087BAU44,1.8465,9/02/2028,MEXICO (UNITED MEXICAN STATES) (GOVERNMENT),6,4.134181,5.4,4.087752,Y,9/01/2028,4.096316,9/01/2023,1250000000
US91087BAF76,2.9996,22/04/2029,MEXICO (UNITED MEXICAN STATES) (GOVERNMENT),6,4.311356,4.5,4.311356,N,,,22/01/2019,2000000000
US91087BAY65,2.9515,7/05/2029,MEXICO (UNITED MEXICAN STATES) (GOVERNMENT),6,4.464545,5,4.453779,Y,7/04/2029,4.460092,8/01/2024,1000000000
US91087BAH33,3.8911,16/04/2030,MEXICO (UNITED MEXICAN STATES) (GOVERNMENT),6,4.68195,3.25,4.68195,Y,16/01/2030,4.773575,16/01/2020,3069068000
US91087BBB53,3.7195,13/05/2030,MEXICO (UNITED MEXICAN STATES) (GOVERNMENT),7,4.768117,6,4.749369,Y,13/04/2030,4.756162,13/01/2025,2000000000
US91087BBJ89,4.4939,22/03/2031,MEXICO (UNITED MEXICAN STATES) (GOVERNMENT),8,4.963738,4.75,4.963738,Y,22/02/2031,4.973905,22/09/2025,1500000000
US91087BAM28,4.8805,24/05/2031,MEXICO (UNITED MEXICAN STATES) (GOVERNMENT),6,4.991593,2.659,4.991593,Y,24/02/2031,5.10523,24/11/2020,3396062000
US91087BAK61,5.3176,27/04/2032,MEXICO (UNITED MEXICAN STATES) (GOVERNMENT),6,5.173104,4.75,5.173104,Y,27/01/2032,5.195822,27/04/2020,2500000000
US91087BBE92,5.2425,2/07/2032,MEXICO (UNITED MEXICAN STATES) (GOVERNMENT),8,5.30151,5.85,5.290866,Y,2/05/2032,5.29699,2/07/2025,3949715000
US91087BBK52,5.8077,22/03/2033,MEXICO (UNITED MEXICAN STATES) (GOVERNMENT),8,5.499697,5.375,5.499697,Y,22/01/2033,5.507841,22/09/2025,4000000000
US91087BAT70,6.036,19/05/2033,MEXICO (UNITED MEXICAN STATES) (GOVERNMENT),6,5.522056,4.875,5.522056,Y,19/02/2033,5.546069,19/08/2022,2203576000
US91087BAR15,6.722,12/02/2034,MEXICO (UNITED MEXICAN STATES) (GOVERNMENT),6,5.639245,3.5,5.639245,Y,12/11/2033,5.701504,12/01/2022,2868146000
US91087BAV27,6.5859,9/02/2035,MEXICO (UNITED MEXICAN STATES) (GOVERNMENT),7,5.69634,6.35,5.683483,Y,9/11/2034,5.686339,9/01/2023,2750000000
US91087BBL36,7.2559,22/09/2035,MEXICO (UNITED MEXICAN STATES) (GOVERNMENT),8,5.81508,5.625,5.81508,Y,22/06/2035,5.821882,22/09/2025,2500000000
US91087BAZ31,7.4274,7/05/2036,MEXICO (UNITED MEXICAN STATES) (GOVERNMENT),6,5.834894,6,5.832709,Y,7/02/2036,5.834744,8/01/2024,4000000000
US91087BBC37,7.7356,13/05/2037,MEXICO (UNITED MEXICAN STATES) (GOVERNMENT),7,6.086198,6.875,6.075047,Y,13/02/2037,6.077076,13/01/2025,4000000000
US91087BBF67,7.9407,29/01/2038,MEXICO (UNITED MEXICAN STATES) (GOVERNMENT),8,6.109078,6.625,6.102544,Y,29/10/2037,6.104573,2/07/2025,2850768000
US91087BAQ32,10.4097,14/08/2041,MEXICO (UNITED MEXICAN STATES) (GOVERNMENT),5,6.312631,4.28,6.312631,Y,14/02/2041,6.360834,14/04/2021,3256899000
US91086QBF46,11.6302,23/01/2046,MEXICO (UNITED MEXICAN STATES) (GOVERNMENT),5,6.579958,4.6,6.579958,N,,,23/01/2015,3000001000
US91087BAB62,12.0337,15/01/2047,MEXICO (UNITED MEXICAN STATES) (GOVERNMENT),5,6.573097,4.35,6.573097,N,,,11/08/2016,2000000000
US91087BAD29,12.182,10/02/2048,MEXICO (UNITED MEXICAN STATES) (GOVERNMENT),5,6.60968,4.6,6.60968,N,,,10/10/2017,1880000000
US91087BAG59,12.6898,31/01/2050,MEXICO (UNITED MEXICAN STATES) (GOVERNMENT),5,6.56127,4.5,6.56127,Y,31/07/2049,6.585505,31/07/2019,2103527000
US91087BAL45,12.7514,27/04/2051,MEXICO (UNITED MEXICAN STATES) (GOVERNMENT),5,6.647838,5,6.647838,Y,27/10/2050,6.665244,27/04/2020,2500000000
US91087BAS97,13.1124,12/02/2052,MEXICO (UNITED MEXICAN STATES) (GOVERNMENT),5,6.622035,4.4,6.622035,Y,12/08/2051,6.64478,12/01/2022,2931198000
US91087BAX82,12.3647,4/05/2053,MEXICO (UNITED MEXICAN STATES) (GOVERNMENT),6,6.758552,6.338,6.758552,Y,4/11/2052,6.763466,28/04/2023,2941388000
US91087BBA70,12.5227,7/05/2054,MEXICO (UNITED MEXICAN STATES) (GOVERNMENT),6,6.753877,6.4,6.753877,Y,7/11/2053,6.758128,8/01/2024,2500000000
US91087BBD10,12.269,13/05/2055,MEXICO (UNITED MEXICAN STATES) (GOVERNMENT),7,6.819269,7.375,6.816335,Y,13/11/2054,6.818347,13/01/2025,2500000000
US698299BF03,2.0478,17/03/2028,"PANAMA, REPUBLIC OF (GOVERNMENT)",6,4.584822,3.875,4.584822,Y,17/12/2027,4.675884,17/03/2016,1000000000
US698299BK97,3.6682,23/01/2030,"PANAMA, REPUBLIC OF (GOVERNMENT)",6,4.847659,3.16,4.847659,Y,23/10/2029,4.953894,23/07/2019,1250000000
US698299BX19,4.0906,1/03/2031,"PANAMA, REPUBLIC OF (GOVERNMENT)",7,4.993444,7.5,4.927076,Y,1/01/2031,4.927076,29/02/2024,1100000000
US698299BN37,6.0127,29/09/2032,"PANAMA, REPUBLIC OF (GOVERNMENT)",5,5.352689,2.252,5.352689,Y,29/06/2032,5.46465,29/09/2020,1250000000
US698299BR41,6.002,19/01/2033,"PANAMA, REPUBLIC OF (GOVERNMENT)",5,5.382429,3.298,5.382429,Y,19/10/2032,5.451634,19/01/2022,1000000000
US698299BT07,6.5919,14/02/2035,"PANAMA, REPUBLIC OF (GOVERNMENT)",6,5.687234,6.4,5.673191,Y,14/11/2034,5.673191,21/11/2022,1500000000
US698299BW36,7.0026,31/01/2036,"PANAMA, REPUBLIC OF (GOVERNMENT)",6,5.766903,6.875,5.747858,Y,31/10/2035,5.747858,4/10/2023,1000000000
US698299BY91,7.3707,1/03/2038,"PANAMA, REPUBLIC OF (GOVERNMENT)",7,5.883249,8,5.878475,Y,1/12/2037,5.878475,29/02/2024,1250000000
US698299BG85,12.0506,15/05/2047,"PANAMA, REPUBLIC OF (GOVERNMENT)",5,6.423811,4.5,6.423811,Y,15/11/2046,6.43258,15/05/2017,1168292000
US698299BH68,12.7156,16/04/2050,"PANAMA, REPUBLIC OF (GOVERNMENT)",5,6.484717,4.5,6.484717,Y,16/10/2049,6.491808,16/04/2018,1200000000
US698299BB98,13.7359,29/04/2053,"PANAMA, REPUBLIC OF (GOVERNMENT)",5,6.350792,4.3,6.350792,N,,,29/04/2013,750000000
US698299BV52,12.222,28/03/2054,"PANAMA, REPUBLIC OF (GOVERNMENT)",6,6.600986,6.853,6.600466,Y,28/09/2053,6.600466,28/03/2023,1000000000
US698299BM53,13.7453,1/04/2056,"PANAMA, REPUBLIC OF (GOVERNMENT)",5,6.518329,4.5,6.518329,Y,1/10/2055,6.523033,1/04/2020,2500000000
US698299BZ66,12.3358,1/03/2057,"PANAMA, REPUBLIC OF (GOVERNMENT)",7,6.680066,7.875,6.674774,Y,1/09/2056,6.674774,29/02/2024,750000000
US698299BL70,14.6736,23/07/2060,"PANAMA, REPUBLIC OF (GOVERNMENT)",5,6.423764,3.87,6.423764,Y,23/01/2060,6.428662,23/07/2019,750000000
